" Adilabad, Telangana  "
" Agar-Malwa, Madhya Pradesh  "
" Agra, Uttar Pradesh  "
" Ahmedabad, Gujarat  "
" Ahmednagar, Maharashtra  "
" Aizawl, Mizoram  "
" Ajmer, Rajasthan  "
" Akola, Maharashtra  "
" Alappuzha, Kerala  "
" Aligarh, Uttar Pradesh  "
" Alipurduar, West Bengal  "
" Alirajpur, Madhya Pradesh  "
" Alluri Sitharama Raju, Andhra Pradesh  "
" Almora, Uttarakhand  "
" Alwar, Rajasthan  "
" Ambala, Haryana  "
" Ambedkar Nagar, Uttar Pradesh  "
" Amethi, Uttar Pradesh  "
" Amravati, Maharashtra  "
" Amreli, Gujarat  "
" Amritsar, Punjab  "
" Amroha, Uttar Pradesh  "
" Anakapalli, Andhra Pradesh  "
" Anand, Gujarat  "
" Ananthapuramu, Andhra Pradesh  "
" Anantnag, Jammu and Kashmir  "
" Anjaw, Arunachal Pradesh  "
" Annamayya, Andhra Pradesh  "
" Anugul, Odisha  "
" Anupgarh, Rajasthan  "
" Anuppur, Madhya Pradesh  "
" Araria, Bihar  "
" Ariyalur, Tamil Nadu  "
" Arvalli, Gujarat  "
" Arwal, Bihar  "
" Ashoknagar, Madhya Pradesh  "
" Auraiya, Uttar Pradesh  "
" Aurangabad, Bihar  "
" Aurangabad, Maharashtra  "
" Ayodhya, Uttar Pradesh  "
" Azamgarh, Uttar Pradesh  "
" Bagalkote, Karnataka  "
" Bageshwar, Uttarakhand  "
" Baghpat, Uttar Pradesh  "
" Bahraich, Uttar Pradesh  "
" Bajali, Assam  "
" Baksa, Assam  "
" Balaghat, Madhya Pradesh  "
" Balangir, Odisha  "
" Baleshwar, Odisha  "
" Ballari, Karnataka  "
" Ballia, Uttar Pradesh  "
" Balod, Chhattisgarh  "
" Balodabazar-Bhatapara, Chhattisgarh  "
" Balotra, Rajasthan  "
" Balrampur, Chhattisgarh  "
" Balrampur-Ramanujganj, Chhattisgarh  "
" Banas Kantha, Gujarat  "
" Banda, Uttar Pradesh  "
" Bandipora, Jammu and Kashmir  "
" Banka, Bihar  "
" Bankura, West Bengal  "
" Banswara, Rajasthan  "
" Bapatla, Andhra Pradesh  "
" Bara Banki, Uttar Pradesh  "
" Baramulla, Jammu and Kashmir  "
" Baran, Rajasthan  "
" Bareilly, Uttar Pradesh  "
" Bargarh, Odisha  "
" Barmer, Rajasthan  "
" Barnala, Punjab  "
" Barpeta, Assam  "
" Barwani, Madhya Pradesh  "
" Bastar, Chhattisgarh  "
" Basti, Uttar Pradesh  "
" Bathinda, Punjab  "
" Beawar, Rajasthan  "
" Beed, Maharashtra  "
" Begusarai, Bihar  "
" Belagavi, Karnataka  "
" Bemetara, Chhattisgarh  "
" Bengaluru Rural, Karnataka  "
" Bengaluru Urban, Karnataka  "
" Betul, Madhya Pradesh  "
" Bhadohi, Uttar Pradesh  "
" Bhadradri Kothagudem, Telangana  "
" Bhadrak, Odisha  "
" Bhagalpur, Bihar  "
" Bhandara, Maharashtra  "
" Bharatpur, Rajasthan  "
" Bharuch, Gujarat  "
" Bhavnagar, Gujarat  "
" Bhilwara, Rajasthan  "
" Bhind, Madhya Pradesh  "
" Bhiwani, Haryana  "
" Bhojpur, Bihar  "
" Bhopal, Madhya Pradesh  "
" Bidar, Karnataka  "
" Bijapur, Chhattisgarh  "
" Bijnor, Uttar Pradesh  "
" Bikaner, Rajasthan  "
" Bilaspur, Chhattisgarh  "
" Bilaspur, Himachal Pradesh  "
" Birbhum, West Bengal  "
" Bishnupur, Manipur  "
" Biswanath, Assam  "
" Bokaro, Jharkhand  "
" Bongaigaon, Assam  "
" Botad, Gujarat  "
" Boudh, Odisha  "
" Budaun, Uttar Pradesh  "
" Budgam, Jammu and Kashmir  "
" Bulandshahr, Uttar Pradesh  "
" Buldhana, Maharashtra  "
" Bundi, Rajasthan  "
" Burhanpur, Madhya Pradesh  "
" Buxar, Bihar  "
" Cachar, Assam  "
" Central, Delhi  "
" Chamarajanagara, Karnataka  "
" Chamba, Himachal Pradesh  "
" Chamoli, Uttarakhand  "
" Champawat, Uttarakhand  "
" Champhai, Mizoram  "
" Chandauli, Uttar Pradesh  "
" Chandel, Manipur  "
" Chandigarh, Chandigarh  "
" Chandrapur, Maharashtra  "
" Changlang, Arunachal Pradesh  "
" Charaideo, Assam  "
" Charki Dadri, Haryana  "
" Chatra, Jharkhand  "
" Chengalpattu, Tamil Nadu  "
" Chennai, Tamil Nadu  "
" Chhatarpur, Madhya Pradesh  "
" Chhatrapati Sambhajinagar, Maharashtra  "
" Chhindwara, Madhya Pradesh  "
" Chhotaudepur, Gujarat  "
" Chikkaballapura, Karnataka  "
" Chikkamagaluru, Karnataka  "
" Chirang, Assam  "
" Chitradurga, Karnataka  "
" Chitrakoot, Uttar Pradesh  "
" Chittoor, Andhra Pradesh  "
" Chittorgarh, Rajasthan  "
" Chumoukedima, Nagaland  "
" Churachandpur, Manipur  "
" Churu, Rajasthan  "
" Coimbatore, Tamil Nadu  "
" Cooch Behar, West Bengal  "
" Cuddalore, Tamil Nadu  "
" Cuttack, Odisha  "
" Dadra And Nagar Haveli, Dadra and Nagar Haveli and Daman and Diu  "
" Dahod, Gujarat  "
" Dakshin Bastar Dantewada, Chhattisgarh  "
" Dakshin Dinajpur, West Bengal  "
" Dakshina Kannada, Karnataka  "
" Daman, Dadra and Nagar Haveli and Daman and Diu  "
" Damoh, Madhya Pradesh  "
" Dangs, Gujarat  "
" Darbhanga, Bihar  "
" Darjeeling, West Bengal  "
" Darrang, Assam  "
" Datia, Madhya Pradesh  "
" Dausa, Rajasthan  "
" Davangere, Karnataka  "
" Deeg, Rajasthan  "
" Dehradun, Uttarakhand  "
" Deogarh, Odisha  "
" Deoghar, Jharkhand  "
" Deoria, Uttar Pradesh  "
" Devbhumi Dwarka, Gujarat  "
" Dewas, Madhya Pradesh  "
" Dhalai, Tripura  "
" Dhamtari, Chhattisgarh  "
" Dhanbad, Jharkhand  "
" Dhar, Madhya Pradesh  "
" Dharashiv, Maharashtra  "
" Dharmapuri, Tamil Nadu  "
" Dharwad, Karnataka  "
" Dhemaji, Assam  "
" Dhenkanal, Odisha  "
" Dholpur, Rajasthan  "
" Dhubri, Assam  "
" Dhule, Maharashtra  "
" Dibang Valley, Arunachal Pradesh  "
" Dibrugarh, Assam  "
" Didwana-Kuchaman, Rajasthan  "
" Dima Hasao, Assam  "
" Dimapur, Nagaland  "
" Dindigul, Tamil Nadu  "
" Dindori, Madhya Pradesh  "
" Diu, Dadra and Nagar Haveli and Daman and Diu  "
" Doda, Jammu and Kashmir  "
" Dr. B.R. Ambedkar Konaseema, Andhra Pradesh"
" Dudu, Rajasthan  "
" Dumka, Jharkhand  "
" Dungarpur, Rajasthan  "
" Durg, Chhattisgarh  "
" East, Delhi  "
" East Champaran, Bihar  "
" East Garo Hills, Meghalaya  "
" East Godavari, Andhra Pradesh  "
" East Jaintia Hills, Meghalaya  "
" East Kameng, Arunachal Pradesh  "
" East Khasi Hills, Meghalaya  "
" East Siang, Arunachal Pradesh  "
" East Singhbhum, Jharkhand  "
" Ernakulam, Kerala  "
" Erode, Tamil Nadu  "
" Etah, Uttar Pradesh  "
" Etawah, Uttar Pradesh  "
" Faridabad, Haryana  "
" Faridkot, Punjab  "
" Farrukhabad, Uttar Pradesh  "
" Fatehabad, Haryana  "
" Fatehgarh Sahib, Punjab  "
" Fatehpur, Uttar Pradesh  "
" Fazilka, Punjab  "
" Ferozepur, Punjab  "
" Gadag, Karnataka  "
" Gadchiroli, Maharashtra  "
" Gajapati, Odisha  "
" Ganderbal, Jammu and Kashmir  "
" Gandhinagar, Gujarat  "
" Ganjam, Odisha  "
" Garhwa, Jharkhand  "
" Gariyaband, Chhattisgarh  "
" Gaurela-Pendra-Marwahi, Chhattisgarh  "
" Gautam Buddha Nagar, Uttar Pradesh  "
" Gaya, Bihar  "
" Ghaziabad, Uttar Pradesh  "
" Ghazipur, Uttar Pradesh  "
" Gir Somnath, Gujarat  "
" Giridih, Jharkhand  "
" Goalpara, Assam  "
" Godda, Jharkhand  "
" Golaghat, Assam  "
" Gomati, Tripura  "
" Gondia, Maharashtra  "
" Gopalganj, Bihar  "
" Gorakhpur, Uttar Pradesh  "
" Gorkhaland Territorial Administration, West Bengal  "
" Gumla, Jharkhand  "
" Guna, Madhya Pradesh  "
" Guntur, Andhra Pradesh  "
" Gurugram, Haryana  "
" Gwalior, Madhya Pradesh  "
" Hailakandi, Assam  "
" Hamirpur, Himachal Pradesh  "
" Hamirpur, Uttar Pradesh  "
" Hanumangarh, Rajasthan  "
" Hapur, Uttar Pradesh  "
" Haridwar, Uttarakhand  "
" Hassan, Karnataka  "
" Haveri, Karnataka  "
" Hazaribagh, Jharkhand  "
" Hingoli, Maharashtra  "
" Hisar, Haryana  "
" Hnahthial, Mizoram  "
" Hooghly, West Bengal  "
" Hoshangabad, Madhya Pradesh  "
" Hoshiarpur, Punjab  "
" Howrah, West Bengal  "
" Hyderabad, Telangana  "
" Idukki, Kerala  "
" Imphal East, Manipur  "
" Imphal West, Manipur  "
" Indore, Madhya Pradesh  "
" Jabalpur, Madhya Pradesh  "
" Jagatsinghapur, Odisha  "
" Jagtial, Telangana  "
" Jaipur, Rajasthan  "
" Jaisalmer, Rajasthan  "
" Jajapur, Odisha  "
" Jalandhar, Punjab  "
" Jalaun, Uttar Pradesh  "
" Jalgaon, Maharashtra  "
" Jalna, Maharashtra  "
" Jalore, Rajasthan  "
" Jamtara, Jharkhand  "
" Jamui, Bihar  "
" Jangaon, Telangana  "
" Jashpur, Chhattisgarh  "
" Jaunpur, Uttar Pradesh  "
" Jehanabad, Bihar  "
" Jhabua, Madhya Pradesh  "
" Jhajjar, Haryana  "
" Jhalawar, Rajasthan  "
" Jhansi, Uttar Pradesh  "
" Jharsuguda, Odisha  "
" Jhunjhunu, Rajasthan  "
" Jind, Haryana  "
" Jiribam, Manipur  "
" Jodhpur, Rajasthan  "
" Jorhat, Assam  "
" Junagadh, Gujarat  "
" Kachchh, Gujarat  "
" Kaimur, Bihar  "
" Kaithal, Haryana  "
" Kalaburagi, Karnataka  "
" Kalimpong, West Bengal  "
" Kamareddy, Telangana  "
" Kameng, Arunachal Pradesh  "
" Kamjong, Manipur  "
" Kamrup, Assam  "
" Kamrup Metropolitan, Assam  "
" Kanchipuram, Tamil Nadu  "
" Kandhamal, Odisha  "
" Kangpokpi, Manipur  "
" Kangra, Himachal Pradesh  "
" Kannauj, Uttar Pradesh  "
" Kannur, Kerala  "
" Kanpur Dehat, Uttar Pradesh  "
" Kanpur Nagar, Uttar Pradesh  "
" Kanyakumari, Tamil Nadu  "
" Kargil, Jammu and Kashmir  "
" Karimnagar, Telangana  "
" Karnal, Haryana  "
" Karbi Anglong, Assam  "
" Karimganj, Assam  "
" Karur, Tamil Nadu  "
" Kasaragod, Kerala  "
" Kathua, Jammu and Kashmir  "
" Katihar, Bihar  "
" Katni, Madhya Pradesh  "
" Kaushambi, Uttar Pradesh  "
" Kendrapara, Odisha  "
" Kendujhar, Odisha  "
" Khagaria, Bihar  "
" Khammam, Telangana  "
" Khandwa, Madhya Pradesh  "
" Khargone, Madhya Pradesh  "
" Khordha, Odisha  "
" Khowai, Tripura  "
" Khunti, Jharkhand  "
" Kinnaur, Himachal Pradesh  "
" Kiphire, Nagaland  "
" Kishanganj, Bihar  "
" Kishangarh, Rajasthan  "
" Kishtwar, Jammu and Kashmir  "
" Kodagu, Karnataka  "
" Koderma, Jharkhand  "
" Kohima, Nagaland  "
" Kokrajhar, Assam  "
" Kolasib, Mizoram  "
" Kolhapur, Maharashtra  "
" Kolkata, West Bengal  "
" Kollam, Kerala  "
" Komaram Bheem, Telangana  "
" Konkan, Maharashtra  "
" Koppal, Karnataka  "
" Koraput, Odisha  "
" Korba, Chhattisgarh  "
" Koriya, Chhattisgarh  "
" Koshi, Bihar  "
" Kota, Rajasthan  "
" Kottayam, Kerala  "
" Kozhikode, Kerala  "
" Krishna, Andhra Pradesh  "
" Kulgam, Jammu and Kashmir  "
" Kullu, Himachal Pradesh  "
" Kurnool, Andhra Pradesh  "
" Kurukshetra, Haryana  "
" Kurung Kumey, Arunachal Pradesh  "
" Kushinagar, Uttar Pradesh  "
" Kutch, Gujarat  "
" Lahaul and Spiti, Himachal Pradesh  "
" Lakhimpur, Assam  "
" Lakhimpur Kheri, Uttar Pradesh  "
" Lakhisarai, Bihar  "
" Lalitpur, Uttar Pradesh  "
" Latehar, Jharkhand  "
" Latur, Maharashtra  "
" Lawngtlai, Mizoram  "
" Leh, Ladakh  "
" Leparada, Arunachal Pradesh  "
" Lohardaga, Jharkhand  "
" Lohit, Arunachal Pradesh  "
" Longding, Arunachal Pradesh  "
" Longleng, Nagaland  "
" Lower Dibang Valley, Arunachal Pradesh  "
" Lower Siang, Arunachal Pradesh  "
" Lower Subansiri, Arunachal Pradesh  "
" Lucknow, Uttar Pradesh  "
" Ludhiana, Punjab  "
" Lunglei, Mizoram  "
" Madhepura, Bihar  "
" Madhubani, Bihar  "
" Madurai, Tamil Nadu  "
" Mahabubabad, Telangana  "
" Mahabubnagar, Telangana  "
" Maharajganj, Uttar Pradesh  "
" Mahasamund, Chhattisgarh  "
" Mahbubnagar, Telangana  "
" Mahe, Puducherry  "
" Mahendragarh, Haryana  "
" Mahesana, Gujarat  "
" Mahisagar, Gujarat  "
" Mahoba, Uttar Pradesh  "
" Mainpuri, Uttar Pradesh  "
" Majuli, Assam  "
" Malappuram, Kerala  "
" Malda, West Bengal  "
" Malerkotla, Punjab  "
" Malkangiri, Odisha  "
" Mamit, Mizoram  "
" Mancherial, Telangana  "
" Mandi, Himachal Pradesh  "
" Mandla, Madhya Pradesh  "
" Mandsaur, Madhya Pradesh  "
" Mandya, Karnataka  "
" Mansa, Punjab  "
" Mayiladuthurai, Tamil Nadu  "
" Mayurbhanj, Odisha  "
" Medak, Telangana  "
" Medchal-Malkajgiri, Telangana  "
" Meerut, Uttar Pradesh  "
" Mehsana, Gujarat  "
" Mirzapur, Uttar Pradesh  "
" Moga, Punjab  "
" Mokokchung, Nagaland  "
" Mon, Nagaland  "
" Moradabad, Uttar Pradesh  "
" Morena, Madhya Pradesh  "
" Morigaon, Assam  "
" Mulugu, Telangana  "
" Mumbai, Maharashtra  "
" Mumbai Suburban, Maharashtra  "
" Mungeli, Chhattisgarh  "
" Munger, Bihar  "
" Murshidabad, West Bengal  "
" Muzaffarnagar, Uttar Pradesh  "
" Muzaffarpur, Bihar  "
" Mysuru, Karnataka  "
" Nabarangpur, Odisha  "
" Nadia, West Bengal  "
" Nagaon, Assam  "
" Nagapattinam, Tamil Nadu  "
" Nagarkurnool, Telangana  "
" Nagaur, Rajasthan  "
" Nagpur, Maharashtra  "
" Nainital, Uttarakhand  "
" Nalanda, Bihar  "
" Nalbari, Assam  "
" Nalgonda, Telangana  "
" Namakkal, Tamil Nadu  "
" Namchi, Sikkim  "
" Namsai, Arunachal Pradesh  "
" Nanded, Maharashtra  "
" Nandurbar, Maharashtra  "
" Nandyal, Andhra Pradesh  "
" Narayanpet, Telangana  "
" Narmada, Gujarat  "
" Narmadapuram (Hoshangabad), Madhya Pradesh  "
" Narsinghpur, Madhya Pradesh  "
" Nashik, Maharashtra  "
" Navsari, Gujarat  "
" Nawada, Bihar  "
" Nayagarh, Odisha  "
" Neemuch, Madhya Pradesh  "
" New Delhi, Delhi  "
" Nicobar, Andaman and Nicobar Islands  "
" Nirmal, Telangana  "
" Niuland, Nagaland  "
" Niwari, Madhya Pradesh  "
" Nizamabad, Telangana  "
" Noklak, Nagaland  "
" Noney, Manipur  "
" North 24 Parganas, West Bengal  "
" North And Middle Andaman, Andaman and Nicobar Islands  "
" North Delhi, Delhi  "
" North East Delhi, Delhi  "
" North Garo Hills, Meghalaya  "
" North Goa, Goa  "
" North Sikkim, Sikkim  "
" North Tripura, Tripura  "
" North West Delhi, Delhi  "
" Nuapada, Odisha  "
" Nuh, Haryana  "
" Osmanabad, Maharashtra  "
" Pakke Kessang, Arunachal Pradesh  "
" Pakur, Jharkhand  "
" Palakkad, Kerala  "
" Palamu, Jharkhand  "
" Palghar, Maharashtra  "
" Pali, Rajasthan  "
" Palnadu, Andhra Pradesh  "
" Palwal, Haryana  "
" Panchkula, Haryana  "
" Panchmahal, Gujarat  "
" Panipat, Haryana  "
" Panna, Madhya Pradesh  "
" Papum Pare, Arunachal Pradesh  "
" Parbhani, Maharashtra  "
" Parlakhemundi, Odisha  "
" Paschim Bardhaman, West Bengal  "
" Paschim Medinipur, West Bengal  "
" Pauri Garhwal, Uttarakhand  "
" Peddapalli, Telangana  "
" Perambalur, Tamil Nadu  "
" Peren, Nagaland  "
" Phalodi, Rajasthan  "
" Phek, Nagaland  "
" Pherzawl, Manipur  "
" Pilibhit, Uttar Pradesh  "
" Pithoragarh, Uttarakhand  "
" Poonch, Jammu & Kashmir  "
" Porbandar, Gujarat  "
" Prakasam, Andhra Pradesh  "
" Pratapgarh, Rajasthan  "
" Pratapgarh, Uttar Pradesh  "
" Prayagraj, Uttar Pradesh  "
" Puducherry, Puducherry  "
" Pudukkottai, Tamil Nadu  "
" Pulwama, Jammu & Kashmir  "
" Pune, Maharashtra  "
" Purba Bardhaman, West Bengal  "
" Purba Medinipur, West Bengal  "
" Purbi Champaran, Bihar  "
" Puri, Odisha  "
" Purnia, Bihar  "
" Purulia, West Bengal  "
" Rae Bareli, Uttar Pradesh  "
" Raichur, Karnataka  "
" Raigad, Maharashtra  "
" Raigarh, Chhattisgarh  "
" Raipur, Chhattisgarh  "
" Raisen, Madhya Pradesh  "
" Rajanna Sircilla, Telangana  "
" Rajgarh, Madhya Pradesh  "
" Rajkot, Gujarat  "
" Rajnandgaon, Chhattisgarh  "
" Rajouri, Jammu & Kashmir  "
" Rajsamand, Rajasthan  "
" Ramanagara, Karnataka  "
" Ramanathapuram, Tamil Nadu  "
" Ramban, Jammu & Kashmir  "
" Ramgarh, Jharkhand  "
" Rampur, Uttar Pradesh  "
" Ranchi, Jharkhand  "
" Ranga Reddy, Telangana  "
" Ranipet, Tamil Nadu  "
" Ratlam, Madhya Pradesh  "
" Ratnagiri, Maharashtra  "
" Rayagada, Odisha  "
" Reasi, Jammu & Kashmir  "
" Rewa, Madhya Pradesh  "
" Rewari, Haryana  "
" Ri Bhoi, Meghalaya  "
" Rohtak, Haryana  "
" Rohtas, Bihar  "
" Rudraprayag, Uttarakhand  "
" Rupnagar, Punjab  "
" S.A.S Nagar, Punjab"
" Sabar Kantha, Gujarat  "
" Sagar, Madhya Pradesh  "
" Saharanpur, Uttar Pradesh  "
" Saharsa, Bihar  "
" Sahebganj, Jharkhand  "
" Saitual, Mizoram  "
" Sakti, Chhattisgarh  "
" Salem, Tamil Nadu  "
" Salumbar, Rajasthan  "
" Samastipur, Bihar  "
" Samba, Jammu & Kashmir  "
" Sambalpur, Odisha  "
" Sambhal, Uttar Pradesh  "
" Sanchore, Rajasthan  "
" Sangareddy, Telangana  "
" Sangli, Maharashtra  "
" Sangrur, Punjab  "
" Sant Kabir Nagar, Uttar Pradesh  "
" Saraikela Kharsawan, Jharkhand  "
" Saran, Bihar  "
" Sarangarh-Bilaigarh, Chhattisgarh  "
" Satara, Maharashtra  "
" Satna, Madhya Pradesh  "
" Sawai Madhopur, Rajasthan  "
" Sehore, Madhya Pradesh  "
" Senapati, Manipur  "
" Seoni, Madhya Pradesh  "
" Sepahijala, Tripura  "
" Serchhip, Mizoram  "
" Shahdara, Delhi  "
" Shahdol, Madhya Pradesh  "
" Shahid Bhagat Singh Nagar, Punjab  "
" Shahjahanpur, Uttar Pradesh  "
" Shahpura, Rajasthan  "
" Shajapur, Madhya Pradesh  "
" Shamator, Nagaland  "
" Shamli, Uttar Pradesh  "
" Sheikhpura, Bihar  "
" Sheohar, Bihar  "
" Sheopur, Madhya Pradesh  "
" Shi Yomi, Arunachal Pradesh  "
" Shimla, Himachal Pradesh  "
" Shivamogga, Karnataka  "
" Shivpuri, Madhya Pradesh  "
" Shopian, Jammu & Kashmir  "
" Shrawasti, Uttar Pradesh  "
" Siaha, Mizoram  "
" Siang, Arunachal Pradesh  "
" Siddharthnagar, Uttar Pradesh  "
" Siddipet, Telangana  "
" Sidhi, Madhya Pradesh  "
" Sikar, Rajasthan  "
" Simdega, Jharkhand  "
" Sindhudurg, Maharashtra  "
" Tenkasi, Tamil Nadu  "
" Thane, Maharashtra  "
" Thanjavur, Tamil Nadu  "
" The Nilgiris, Tamil Nadu  "
" Theni, Tamil Nadu  "
" Thiruvallur, Tamil Nadu  "
" Thiruvananthapuram, Kerala  "
" Thiruvarur, Tamil Nadu  "
" Thoothukkudi, Tamil Nadu  "
" Thoubal, Manipur  "
" Thrissur, Kerala  "
" Tikamgarh, Madhya Pradesh  "
" Tinsukia, Assam  "
" Tirap, Arunachal Pradesh  "
" Tiruchirappalli, Tamil Nadu  "
" Tirunelveli, Tamil Nadu  "
" Tirupathur, Tamil Nadu  "
" Tirupati, Andhra Pradesh  "
" Tiruppur, Tamil Nadu  "
" Tiruvannamalai, Tamil Nadu  "
" Tonk, Rajasthan  "
" Tseminyu, Nagaland  "
" Tuensang, Nagaland  "
" Tumakuru, Karnataka  "
" Singrauli, Madhya Pradesh  "
" Sirmaur, Himachal Pradesh  "
" Sirohi, Rajasthan  "
" Sirsa, Haryana  "
" Sitamarhi, Bihar  "
" Sitapur, Uttar Pradesh  "
" Sivaganga, Tamil Nadu  "
" Sivasagar, Assam  "
" Siwan, Bihar  "
" Solan, Himachal Pradesh  "
" Solapur, Maharashtra  "
" Sonbhadra, Uttar Pradesh  "
" Sonepur, Bihar  "
" Sonipat, Haryana  "
" Sonitpur, Assam  "
" Soreng, Sikkim  "
" South 24 Parganas, West Bengal  "
" South Andaman, Andaman and Nicobar Islands  "
" South East Garo Hills, Meghalaya  "
" South Goa, Goa  "
" South Salmara-Mancachar, Assam  "
" South Tripura, Tripura  "
" South West Garo Hills, Meghalaya  "
" South West Khasi Hills, Meghalaya  "
" Sri Muktsar Sahib, Punjab  "
" Sri Potti Sriramulu Nellore, Andhra Pradesh  "
" Sri Sathya Sai, Andhra Pradesh  "
" Srikakulam, Andhra Pradesh  "
" Srinagar, Jammu & Kashmir  "
" Sukma, Chhattisgarh  "
" Sultanpur, Uttar Pradesh  "
" Sundargarh, Odisha  "
" Supaul, Bihar  "
" Surajpur, Chhattisgarh  "
" Surat, Gujarat  "
" Surendranagar, Gujarat  "
" Surguja, Chhattisgarh  "
" Suryapet, Telangana  "
" Tamenglong, Manipur  "
" Tamulpur, Assam  "
" Tapi, Gujarat  "
" Tarn Taran, Punjab  "
" Tawang, Arunachal Pradesh  "
" Tehri Garhwal, Uttarakhand  "
" Tengnoupal, Manipur  "
" Udaipur, Rajasthan  "
" Udalguri, Assam  "
" Udam Singh Nagar, Uttarakhand  "
" Udhampur, Jammu & Kashmir  "
" Udupi, Karnataka  "
" Ujjain, Madhya Pradesh  "
" Ukhrul, Manipur  "
" Umaria, Madhya Pradesh  "
" Una, Himachal Pradesh  "
" Unakoti, Tripura  "
" Unnao, Uttar Pradesh  "
" Upper Siang, Arunachal Pradesh  "
" Upper Subansiri, Arunachal Pradesh  "
" Uttar Bastar Kanker, Chhattisgarh  "
" Uttar Dinajpur, West Bengal  "
" Uttar Kashi, Uttarakhand  "
" Uttara Kannada, Karnataka  "
" Vadodara, Gujarat  "
" Vaishali, Bihar  "
" Valsad, Gujarat  "
" Varanasi, Uttar Pradesh  "
" Vellore, Tamil Nadu  "
" Vidisha, Madhya Pradesh  "
" Vijayanagar, Karnataka  "
" Vijayapura, Karnataka  "
" Vikarabad, Telangana  "
" Viluppuram, Tamil Nadu  "
" Virudhunagar, Tamil Nadu  "
" Visakhapatnam, Andhra Pradesh  "
" Vizianagaram, Andhra Pradesh  "
" Wanaparthy, Telangana  "
" Warangal, Telangana  "
" Wardha, Maharashtra  "
" Washim, Maharashtra  "
" Wayanad, Kerala  "
" West Garo Hills, Meghalaya  "
" West Godavari, Andhra Pradesh  "
" West Jaintia Hills, Meghalaya  "
" West Kameng, Arunachal Pradesh  "
" West Karbi Anglong, Assam  "
" West Khasi Hills, Meghalaya  "
" West Siang, Arunachal Pradesh  "
" West Singhbhum, Jharkhand  "
" West Tripura, Tripura  "
" Wokha, Nagaland  "
" Y.S.R. ,Andhra Pradesh"
" Yadadri Bhuvanagiri, Telangana  "
" Yadgir, Karnataka  "
" Yamunanagar, Haryana  "
" Yanam, Puducherry  "
" Yavatmal, Maharashtra  "
" Zunheboto, Nagaland  "
" Ahmedabad, Gujarat  "
" Ahmednagar, Maharashtra  "
" Aizawl, Mizoram  "
" Ajmer, Rajasthan  "
" Akola, Maharashtra  "
" Alappuzha, Kerala  "
" Aligarh, Uttar Pradesh  "
" Alipurduar, West Bengal  "
" Alirajpur, Madhya Pradesh  "
" Alluri Sitharama Raju, Andhra Pradesh  "
" Almora, Uttarakhand  "
" Alwar, Rajasthan  "
" Ambala, Haryana  "
" Ambedkar Nagar, Uttar Pradesh  "
" Amethi, Uttar Pradesh  "
" Amravati, Maharashtra  "
" Amreli, Gujarat  "
" Amritsar, Punjab  "
" Amroha, Uttar Pradesh  "
" Anakapalli, Andhra Pradesh  "
" Anand, Gujarat  "
" Ananthapuramu, Andhra Pradesh  "
" Anantnag, Jammu & Kashmir  "
" Anjaw, Arunachal Pradesh  "
" Annamayya, Andhra Pradesh  "
" Anugul, Odisha  "
" Anupgarh, Rajasthan  "
" Anuppur, Madhya Pradesh  "
" Araria, Bihar  "
" Ariyalur, Tamil Nadu  "
" Arvalli, Gujarat  "
" Arwal, Bihar  "
" Ashoknagar, Madhya Pradesh  "
" Auraiya, Uttar Pradesh  "
" Aurangabad, Maharashtra  "
" Ayodhya, Uttar Pradesh  "
